{
  "wer": {
    "bleu": {
      "rho": -0.11188811188811189,
      "p": 0.729194990751066
    },
    "bert_f1": {
      "rho": -0.32867132867132864,
      "p": 0.2969041156887641
    },
    "meteor": {
      "rho": -0.02097902097902098,
      "p": 0.9484022252365222
    }
  },
  "cer": {
    "bleu": {
      "rho": -0.20979020979020982,
      "p": 0.512840943181826
    },
    "bert_f1": {
      "rho": -0.5384615384615385,
      "p": 0.07089431754922311
    },
    "meteor": {
      "rho": -0.055944055944055944,
      "p": 0.8628980736949713
    }
  }
}